,name,Background,Body,Eyes,Hieroglyphs,Mouth,Accessories,Expression,Coins,Artifacts,Keyword,alpha
5,Chia Friends #5,Mint,Marmot (Brown),Cyborg,,Snout (Eating),,Wide Eyes,,,,79
43,Chia Friends #43,Mint,Marmot (Brown),Laser Visor,,Snout (Eating),,,Pi,,,79
72,Chia Friends #72,Mint,Parakeet (Green),Vipers,,Beak (Small),,,,Halo,,79
101,Chia Friends #101,Mint,Cactus (esaung),Enlightened,,Carne (Tan),,Wide Eyes,,,,79
123,Chia Friends #123,Mint & Gradient,K32 (Steel),Blue,2.0,Sad (Steel),,,,,,141
142,Chia Friends #142,Mint,Parakeet (Yellow),Blue,,Beak (Small),,,,,,79
169,Chia Friends #169,Mint,Parakeet (Yellow),Orange,,Beak (Small),,,,Fireball (Yellow),,79
180,Chia Friends #180,Mint,Parakeet (Yellow),Rainbow,,Beak (Small),Flower (Red),,,,,79
194,Chia Friends #194,Mint & Watercolor,Cactus (Green),Laser Visor,,Carne (Green),,,,,,103
208,Chia Friends #208,Mint,Cactus (Green),3D Glasses,,Frown (Green),,,Butterfly,,,79
272,Chia Friends #272,Mint & Watercolor,Broccoli (Purple),Purple,,Ooo (Purple),,,,,,103
309,Chia Friends #309,Mint,K32 (Steel),Closed,4.0,Sad (Steel),Verdant,,,Emerald,,81
364,Chia Friends #364,Mint & Glimmer,K32 (Steel),Blue,1.0,Jagged (Steel),Bubblegum,,,,,81
408,Chia Friends #408,Mint,Marmot (Brown),Green,,Snout (Sullen),,Squint (Brown),,,,79
420,Chia Friends #420,Mint,Parakeet (Green),Green,,Beak (Small),,,,Fish,,79
421,Chia Friends #421,Mint,Cactus (Green),Purple,,Smile (Green),,Wide Eyes,,,,79
441,Chia Friends #441,Mint & Watercolor,Seal,Green,,Snout (Sullen),,Wide Eyes,,Ruby,,103
486,Chia Friends #486,Mint,Parakeet (Yellow),Laser Visor,,Beak (Small),,,Crown,,,79
490,Chia Friends #490,Mint & Shimmer,Cucumber,Vipers,,Ooo (Green),,Wide Eyes,,,,79
538,Chia Friends #538,Mint,Parakeet (Yellow),Laser Visor,,Beak (Small),Flower (Yellow),,,,,79
553,Chia Friends #553,Mint & Shimmer,Broccoli (Purple),Cyborg,,Ooo (Purple),,Wide Eyes,,,,79
675,Chia Friends #675,Mint,Marmot (Brown),Purple,,Snout (Eating),,,Asterisk,,,79
682,Chia Friends #682,Mint & Gradient,Marmot (Purple),Rainbow,,Snout (Eating),,Wide Eyes,,,,139
767,Chia Friends #767,Mint & Watercolor,Parakeet (Yellow),Shades,,Beak (Small),,,,,,103
781,Chia Friends #781,Mint,Starling,Zombie,,Beak (Long),,,,,,79
798,Chia Friends #798,Mint & Watercolor,Cactus (Green),Orange,,Carne (Green),,Angry (Green),,Yoyo,,103
834,Chia Friends #834,Mint,Marmot (Gray),Rainbow,,Snout (Eating),,,,,,79
960,Chia Friends #960,Mint & Gradient,Starling,Laser Visor,,Beak (Long),,,,,,139
967,Chia Friends #967,Mint & Gradient,Cactus (esaung),Laser Visor,,Carne (Purple),,Wide Eyes,,Emerald,,139
987,Chia Friends #987,Mint & Gradient,K32 (Steel),Closed,4.0,Jagged (Steel),Bow (Blue),,Flame,,,141
988,Chia Friends #988,Mint & Gradient,Parakeet (Yellow),Rainbow,,Beak (Small),Flower (Yellow),,,,,139
1001,Chia Friends #1001,Mint & Gradient,Starling,Vipers,,Beak (Long),,,,Emerald,,139
1008,Chia Friends #1008,Mint,Parakeet (Yellow),Vipers,,Beak (Small),,,,,,79
1056,Chia Friends #1056,Mint & Glimmer,K32 (Steel),Yellow,3.0,Intercom (Steel),,,,,,83
1066,Chia Friends #1066,Mint,Cactus (Red),Shades,,Ooo (Purple),,Wide Eyes,,,,79
1073,Chia Friends #1073,Mint,Marmot (Brown),Laser Visor,,Snout (Hungry),,,,Halo,,79
1114,Chia Friends #1114,Mint,Marmot (Red),Enlightened,,Snout (Drool),,,,Fireball (Green),,79
1123,Chia Friends #1123,Mint,Seal,Shades,,Snout (Sullen),,,,Fireball (Yellow),,79
1136,Chia Friends #1136,Mint,Starling,Rainbow,,Beak (Long),,,,,,79
1214,Chia Friends #1214,Mint,Cactus (Green),Green,,Carne (Green),,Angry (Green),,,,79
1270,Chia Friends #1270,Mint,Cactus (Red),3D Glasses,,Happy (Purple),,Wide Eyes,,,,79
1291,Chia Friends #1291,Mint & Gradient,Broccoli (Green),Green,,Frown (Green),,,,,,139
1302,Chia Friends #1302,Mint & Gradient,Marmot (Red),Red,,Snout (Eating),,Squint (Brown),,,,139
1347,Chia Friends #1347,Mint,Starling,Cyborg,,Beak (Long),Mohawk (Blue),,,,,79
1350,Chia Friends #1350,Mint,Starling,Cyborg,,Beak (Long),,,,,,79
1357,Chia Friends #1357,Mint,Parakeet (Green),Purple,,Beak (Small),,,,,,79
1439,Chia Friends #1439,Mint,K32 (Steel),Blue Screen,2.0,Happy (Steel),,,,Ruby,,81
1440,Chia Friends #1440,Mint & Gradient,Cauliflower,Vipers,,Smile (Tan),Mohawk (Blue),,,,,139
1525,Chia Friends #1525,Mint & Shimmer,Parakeet (Green),Vipers,,Beak (Small),,,Hourglass,,,79
1527,Chia Friends #1527,Mint,Marmot (Brown),3D Glasses,,Snout (Sullen),,,,,,79
1536,Chia Friends #1536,Mint & Gradient,Cucumber,Shades,,Carne (Green),,Wide Eyes,,,,139
1552,Chia Friends #1552,Mint,Marmot (Brown),Vipers,,Snout (Small),,Wide Eyes,,,,79
1563,Chia Friends #1563,Mint & Gradient,Marmot (Brown),Rainbow,,Snout (Tooth),,Wide Eyes,,,,139
1621,Chia Friends #1621,Mint,Starling,Cyborg,,Beak (Long),Mohawk (Purple),,,,,79
1684,Chia Friends #1684,Mint,Parakeet (Yellow),Cyborg,,Beak (Small),Bubblegum,,,,,79
1695,Chia Friends #1695,Mint,Marmot (Brown),Cyborg,,Snout (Drool),,,,,,79
1727,Chia Friends #1727,Mint,Starling,3D Glasses,,Beak (Long),Mohawk (Blue),,,,,79
1789,Chia Friends #1789,Mint & Sparkle,K32 (Steel),Yellow,3.0,Sad (Steel),,,,,,83
1802,Chia Friends #1802,Mint & Sparkle,Cactus (Purple),Rainbow,,Carne (Purple),,,,,,79
1818,Chia Friends #1818,Mint,K32 (Steel),Closed,4.0,Intercom (Steel),,,,,,81
1864,Chia Friends #1864,Mint & Glimmer,Starling,Cyborg,,Beak (Long),,,,,,79
1935,Chia Friends #1935,Mint & Gradient,Broccoli (Purple),Purple,,Carne (Purple),,Wide Eyes,Asterisk,,,139
1939,Chia Friends #1939,Mint & Watercolor,Cactus (Green),Blue,,Carne (Green),,Squint (Green),Leaf,,,103
1958,Chia Friends #1958,Mint,Parakeet (Yellow),3D Glasses,,Beak (Small),,,,,,79
1974,Chia Friends #1974,Mint & Gradient,K32 (Steel),Green,2.0,Smile (Steel),,,,,,141
1990,Chia Friends #1990,Mint,Cactus (Purple),Enlightened,,Happy (Purple),,Wide Eyes,,,,79
2031,Chia Friends #2031,Mint & Sparkle,Starling,Enlightened,,Beak (Long),,,,Fireball (Green),,79
2083,Chia Friends #2083,Mint,Marmot (Brown),Purple,,Snout (Drool),,,,,,79
2135,Chia Friends #2135,Mint & Watercolor,Parakeet (Green),Cyborg,,Beak (Small),,,,Yoyo,,103
2183,Chia Friends #2183,Mint,Cucumber,Green,,Carne (Green),,,,,,79
2226,Chia Friends #2226,Mint,Marmot (Red),3D Glasses,,Snout (Eating),,,,,,79
2247,Chia Friends #2247,Mint & Glimmer,K32 (Steel),Closed,3.0,Jagged (Steel),,,Smile,,,83
2248,Chia Friends #2248,Mint,Marmot (Brown),Blue,,Snout (Tooth),,Wide Eyes,,,,79
2279,Chia Friends #2279,Mint,Cactus (Green),Ded,,Carne (Green),Flower (Yellow),,,,,79
2280,Chia Friends #2280,Mint & Gradient,Starling,Cyborg,,Beak (Long),,,Diamond,,,139
2284,Chia Friends #2284,Mint,K32 (Steel),Blue,2.0,Happy (Steel),,,,,,81
2309,Chia Friends #2309,Mint & Glimmer,Cactus (Ded),Zombie,,Yum,,,,,,79
2412,Chia Friends #2412,Mint & Watercolor,Starling,Rainbow,,Beak (Long),,,,,,103
2525,Chia Friends #2525,Mint & Sparkle,Cactus (Albino),Shades,,Carne (Tan),,,Leaf,,,79
2562,Chia Friends #2562,Mint,K32 (Steel),Closed,1.0,Smile (Steel),,,,,,81
2567,Chia Friends #2567,Mint & Watercolor,Marmot (Trancended),Orange,,Snout (Tooth),,,,,,103
2602,Chia Friends #2602,Mint,K32 (Steel),Blue,2.0,Smile (Steel),,,Triangle,,,81
2611,Chia Friends #2611,Mint,Parakeet (Yellow),Cyborg,,Beak (Small),,,,,,79
2674,Chia Friends #2674,Mint & Sparkle,Cactus (Red),3D Glasses,,Frown (Tan),,Wide Eyes,,Emerald,,79
2703,Chia Friends #2703,Mint & Watercolor,Parakeet (Yellow),Blue,,Beak (Small),Verdant,,,,,103
2705,Chia Friends #2705,Mint & Watercolor,Starling,Cyborg,,Beak (Long),,,,,,103
2766,Chia Friends #2766,Mint & Gradient,Cactus (Red),Laser Visor,,Frown (Tan),,Wide Eyes,,,,139
2773,Chia Friends #2773,Mint,Marmot (Purple),3D Glasses,,Snout (Tooth),,Wide Eyes,,,,79
2791,Chia Friends #2791,Mint,Broccoli (Green),Cyborg,,Ooo (Green),,Wide Eyes,,,,79
2808,Chia Friends #2808,Mint & Gradient,Marmot (Blue),Cyborg,,Snout (Eating),,,,,,139
2816,Chia Friends #2816,Mint,Cactus (Red),Rainbow,,Happy (Tan),,,,,,79
2833,Chia Friends #2833,Mint,Marmot (Gray),Cyborg,,Snout (Tooth),,,,,,79
2851,Chia Friends #2851,Mint,Parakeet (Green),Zombie,,Beak (Small),,,,Emerald,,79
2862,Chia Friends #2862,Mint & Watercolor,Cactus (Ded),Zombie,,Yum,Flower (Yellow),Wide Eyes,,,,103
2921,Chia Friends #2921,Mint,K32 (Steel),Blue,1.0,Happy (Steel),,,,,,81
2974,Chia Friends #2974,Mint,Parakeet (Yellow),Cyborg,,Beak (Small),,,Flame,,,79
2992,Chia Friends #2992,Mint & Gradient,Marmot (Brown),Cyborg,,Snout (Small),Flower (Yellow),,,Emerald,,139
2994,Chia Friends #2994,Mint & Gradient,K32 (Steel),Yellow,3.0,Jagged (Steel),,,Square,,,142
3000,Chia Friends #3000,Mint & Sparkle,Broccoli (Purple),Blue,,Smile (Purple),,,Circle,,,79
3010,Chia Friends #3010,Mint,Cactus (Albino),Orange,,Ooo (Tan),,,,Emerald,,79
3091,Chia Friends #3091,Mint,K32 (Steel),Closed,4.0,Happy (Steel),,,,Fireball (Yellow),,81
3109,Chia Friends #3109,Mint & Glimmer,K32 (Steel),Red,1.0,Jagged (Steel),,,,,,81
3110,Chia Friends #3110,Mint,Starling,Shades,,Beak (Long),,,,,,79
3119,Chia Friends #3119,Mint,K32 (Steel),Blue,3.0,Intercom (Steel),,,,,,83
3120,Chia Friends #3120,Mint & Gradient,Broccoli (Green),Orange,,Ooo (Green),,Angry (Green),,,,139
3125,Chia Friends #3125,Mint & Watercolor,Parakeet (Yellow),Laser Visor,,Beak (Small),,,,,,103
3131,Chia Friends #3131,Mint,Broccoli (Purple),Orange,,Carne (Purple),,,,,,79
3133,Chia Friends #3133,Mint & Watercolor,Parakeet (Yellow),Cyborg,,Beak (Small),Mohawk (Blue),,,,,103
3140,Chia Friends #3140,Mint & Glimmer,Cactus (Red),Purple,,Carne (Purple),,Squint (Purple),,,,79
3175,Chia Friends #3175,Mint & Gradient,Parakeet (Green),Blue,,Beak (Small),,,,,,139
3200,Chia Friends #3200,Mint,Starling,Enlightened,,Beak (Long),,,,Fireball (Yellow),,79
3302,Chia Friends #3302,Mint & Sparkle,Marmot (Blue),Orange,,Snout (Tooth),,,,,,79
3358,Chia Friends #3358,Mint,K32 (Steel),Green,1.0,Sad (Steel),,,,,,81
3388,Chia Friends #3388,Mint,Cactus (Albino),Cyborg,,Ooo (Tan),Verdant,Wide Eyes,,,,79
3393,Chia Friends #3393,Mint & Gradient,Parakeet (Yellow),Cyborg,,Beak (Small),,,,,,139
3412,Chia Friends #3412,Mint,Cactus (Green),Blue,,Ooo (Green),,Squint (Green),,,,79
3547,Chia Friends #3547,Mint,Broccoli (Green),Cyborg,,Ooo (Green),,,,,,79
3559,Chia Friends #3559,Mint & Gradient,K32 (Steel),Closed,1.0,Sad (Steel),,,,,,141
3569,Chia Friends #3569,Mint & Gradient,Parakeet (Yellow),Vipers,,Beak (Small),,,Square,,,139
3571,Chia Friends #3571,Mint & Watercolor,Cactus (esaung),Purple,,Frown (Purple),,Squint (Purple),,Fireball (Blue),,103
3598,Chia Friends #3598,Mint,Marmot (Red),Enlightened,,Snout (Eating),Mohawk (Red),Wide Eyes,,,,79
3654,Chia Friends #3654,Mint,Marmot (Brown),Cyborg,,Snout (Eating),,,,Fireball (Yellow),,79
3663,Chia Friends #3663,Mint,Marmot (Green),Green,,Snout (Small),Bubblegum,Wide Eyes,,,,79
3760,Chia Friends #3760,Mint,Parakeet (Yellow),Enlightened,,Beak (Small),Flower (Yellow),,,,,79
3763,Chia Friends #3763,Mint,Cactus (Green),Purple,,Ooo (Green),,Squint (Green),,Emerald,,79
3771,Chia Friends #3771,Mint,Marmot (Purple),Vipers,,Snout (Eating),,,,,,79
3846,Chia Friends #3846,Mint & Gradient,Parakeet (Yellow),Laser Visor,,Beak (Small),,,,Emerald,,139
3857,Chia Friends #3857,Mint,Cucumber,Ded,,Ooo (Green),,Wide Eyes,,Snow,,79
3886,Chia Friends #3886,Mint & Gradient,Marmot (Gray),Cyborg,,Snout (Sullen),,,,,,139
3977,Chia Friends #3977,Mint,Starling,Blue,,Beak (Long),Verdant,,,,,79
4055,Chia Friends #4055,Mint & Sparkle,Marmot (Blue),Vipers,,Snout (Hungry),Verdant,,,Sparkles,,79
4107,Chia Friends #4107,Mint & Sparkle,Marmot (Brown),Green,,Snout (Eating),,,,Ruby,,79
4108,Chia Friends #4108,Mint,Marmot (Brown),Rainbow,,Snout (Hungry),,Wide Eyes,,,,79
4199,Chia Friends #4199,Mint,Cactus (esaung),Red,,Carne (Purple),Bubblegum,Squint (Purple),,,,79
4208,Chia Friends #4208,Mint & Gradient,Broccoli (Green),Blue,,Frown (Green),,Angry (Green),,Emerald,,139
4241,Chia Friends #4241,Mint,K32 (Steel),Blue,4.0,Jagged (Steel),,,,,,81
4277,Chia Friends #4277,Mint & Gradient,Marmot (Brown),Rainbow,,Snout (Drool),,,,Fireball (Yellow),,139
4287,Chia Friends #4287,Mint,K32 (Steel),Red,2.0,Sad (Steel),,,,,,81
4310,Chia Friends #4310,Mint & Sparkle,Cactus (Purple),Vipers,,Happy (Tan),,Wide Eyes,,,,79
4315,Chia Friends #4315,Mint,Seal,Cyborg,,Snout (Small),,Wide Eyes,,Emerald,,79
4338,Chia Friends #4338,Mint,Parakeet (Yellow),Orange,,Beak (Small),,,,,,79
4350,Chia Friends #4350,Mint,Cactus (Red),Laser Visor,,Carne (Tan),,Wide Eyes,,,,79
4360,Chia Friends #4360,Mint & Gradient,Broccoli (Green),Laser Visor,,Smile (Green),,Wide Eyes,,,,139
4373,Chia Friends #4373,Mint & Shimmer,Cactus (Green),Orange,,Frown (Green),,Angry (Green),,Sparkles,,79
4396,Chia Friends #4396,Mint,Cactus (esaung),Blue,,Happy (Tan),,Squint (Purple),,,,79
4424,Chia Friends #4424,Mint & Watercolor,K32 (Steel),Green,4.0,Jagged (Steel),,,,,,106
4511,Chia Friends #4511,Mint,Cactus (Ded),Zombie,,Yum,,Wide Eyes,,,,79
4522,Chia Friends #4522,Mint & Shimmer,Parakeet (Yellow),Cyborg,,Beak (Small),Mohawk (Green),,,,,79
4540,Chia Friends #4540,Mint,Marmot (Green),Purple,,Snout (Eating),,,,,,79
4579,Chia Friends #4579,Mint,Marmot (Blue),Cyborg,,Snout (Tooth),,,,,,79
4581,Chia Friends #4581,Mint,K32 (Steel),Green,2.0,Smile (Steel),,,,Sparkles,,81
4615,Chia Friends #4615,Mint & Shimmer,Parakeet (Green),Shades,,Beak (Small),,,,,,79
4625,Chia Friends #4625,Mint,K32 (Steel),Blue,2.0,Smile (Steel),,,Skull,,,81
4663,Chia Friends #4663,Mint & Gradient,Starling,Green,,Beak (Long),Mohawk (Red),,,,,139
4810,Chia Friends #4810,Mint & Sparkle,Starling,Cyborg,,Beak (Long),,,,,,79
4863,Chia Friends #4863,Mint,Marmot (Brown),Shades,,Snout (Sullen),,,,Fireball (Yellow),,79
4891,Chia Friends #4891,Mint,Broccoli (Green),Ded,,Ooo (Green),,Wide Eyes,,,,79
4895,Chia Friends #4895,Mint & Watercolor,Parakeet (Yellow),Enlightened,,Beak (Small),,,,,,103
4968,Chia Friends #4968,Mint,Cactus (Red),Rainbow,,Frown (Tan),,,,Keyword Token,Graze,79
5067,Chia Friends #5067,Mint,Marmot (Brown),Laser Visor,,Snout (Eating),,,,Sparkles,,79
5087,Chia Friends #5087,Mint & Gradient,Starling,3D Glasses,,Beak (Long),Mohawk (Red),,,,,139
5132,Chia Friends #5132,Mint & Shimmer,Parakeet (Yellow),Vipers,,Beak (Small),,,,,,79
5133,Chia Friends #5133,Mint,Cucumber,Purple,,Smile (Green),,Squint (Green),,,,79
5167,Chia Friends #5167,Mint,Cucumber,Orange,,Smile (Green),,Angry (Green),,,,79
5177,Chia Friends #5177,Mint & Gradient,Broccoli (Green),Blue,,Carne (Green),Verdant,Wide Eyes,,,,139
5202,Chia Friends #5202,Mint,Starling,3D Glasses,,Beak (Long),,,,,,79
5313,Chia Friends #5313,Mint,Cactus (Green),Green,,Frown (Green),,Angry (Green),,,,79
5343,Chia Friends #5343,Mint,Parakeet (Yellow),Red,,Beak (Small),,,,,,79
5395,Chia Friends #5395,Mint & Gradient,K32 (Steel),Blue,1.0,Smile (Steel),,,,Fireball (Yellow),,141
5396,Chia Friends #5396,Mint,Cauliflower,Green,,Smile (Tan),Bow (Gold),Wide Eyes,,,,79
5397,Chia Friends #5397,Mint,K32 (Steel),Green,1.0,Intercom (Steel),,,,Emerald,,81
5398,Chia Friends #5398,Mint,Broccoli (Green),Purple,,Frown (Green),,Angry (Green),,,,79
5403,Chia Friends #5403,Mint & Sparkle,Parakeet (Yellow),Rainbow,,Beak (Small),,,,Halo,,79
5447,Chia Friends #5447,Mint & Gradient,Broccoli (Green),Rainbow,,Ooo (Green),,Wide Eyes,,,,139
5500,Chia Friends #5500,Mint,K32 (Steel),Yellow,4.0,Intercom (Steel),Verdant,,Smile,,,81
5514,Chia Friends #5514,Mint,Marmot (Brown),Purple,,Snout (Tooth),,,,Yoyo,,79
5522,Chia Friends #5522,Mint,Starling,Red,,Beak (Long),,,,,,79
5591,Chia Friends #5591,Mint,Cucumber,Orange,,Frown (Green),,,,,,79
5603,Chia Friends #5603,Mint,Marmot (Brown),Cyborg,,Snout (Small),,,,,,79
5648,Chia Friends #5648,Mint,Cactus (Purple),Laser Visor,,Frown (Purple),,Wide Eyes,,,,79
5662,Chia Friends #5662,Mint,Cauliflower,Orange,,Smile (Tan),,Wide Eyes,,,,79
5761,Chia Friends #5761,Mint,Parakeet (Green),Orange,,Beak (Small),,,,,,79
5799,Chia Friends #5799,Mint & Gradient,Broccoli (Green),Rainbow,,Happy (Green),,,,,,139
5855,Chia Friends #5855,Mint,Starling,Cyborg,,Beak (Long),Flower (Red),,Hamburger,,,79
5895,Chia Friends #5895,Mint & Gradient,K32 (Steel),Red,2.0,Happy (Steel),,,,,,141
5907,Chia Friends #5907,Mint,Cactus (Green),Rainbow,,Frown (Green),,,,Emerald,,79
5968,Chia Friends #5968,Mint & Gradient,Starling,Zombie,,Beak (Long),,,,,,139
5989,Chia Friends #5989,Mint,Starling,Orange,,Beak (Long),,,,,,79
5995,Chia Friends #5995,Mint & Gradient,Starling,Cyborg,,Beak (Long),,,,,,139
6035,Chia Friends #6035,Mint & Gradient,Marmot (Purple),Purple,,Snout (Tooth),Verdant,Wide Eyes,,,,139
6052,Chia Friends #6052,Mint,Marmot (Brown),Cyborg,,Snout (Hungry),,,,,,79
6096,Chia Friends #6096,Mint & Shimmer,Cactus (esaung),Orange,,Happy (Purple),Flower (Yellow),Angry (Green),,,,79
6134,Chia Friends #6134,Mint & Glimmer,Parakeet (Yellow),Purple,,Beak (Small),Bubblegum,,,,,79
6148,Chia Friends #6148,Mint,Starling,Blue,,Beak (Long),,,,,,79
6149,Chia Friends #6149,Mint,K32 (Steel),Closed,2.0,Smile (Steel),,,,,,81
6187,Chia Friends #6187,Mint,Parakeet (Green),Blue,,Beak (Small),Mohawk (Green),,,,,79
6201,Chia Friends #6201,Mint & Watercolor,Marmot (Brown),Blue,,Snout (Sullen),,Squint (Brown),,,,103
6205,Chia Friends #6205,Mint,Marmot (Brown),Green,,Snout (Sullen),,Wide Eyes,,Ruby,,79
6207,Chia Friends #6207,Mint,K32 (Steel),Green,4.0,Smile (Steel),,,,,,81
6354,Chia Friends #6354,Mint & Gradient,Seal,Rainbow,,Snout (Hungry),Flower (Yellow),Wide Eyes,,,,139
6363,Chia Friends #6363,Mint & Watercolor,Parakeet (Yellow),Vipers,,Beak (Small),,,,,,103
6365,Chia Friends #6365,Mint,Starling,Purple,,Beak (Long),,,,Emerald,,79
6377,Chia Friends #6377,Mint & Gradient,Marmot (Blue),3D Glasses,,Snout (Sullen),,,,Fireball (Yellow),,139
6511,Chia Friends #6511,Mint & Sparkle,Starling,Rainbow,,Beak (Long),,,,,,79
6547,Chia Friends #6547,Mint,Cactus (Red),Vipers,,Frown (Purple),,Wide Eyes,,,,79
6559,Chia Friends #6559,Mint,K32 (Steel),Blue,3.0,Intercom (Steel),,,,Fireball (Green),,83
6568,Chia Friends #6568,Mint,Seal,Laser Visor,,Snout (Hungry),Mohawk (Blue),Wide Eyes,,,,79
6575,Chia Friends #6575,Mint & Gradient,Cactus (Red),Rainbow,,Happy (Tan),,Wide Eyes,,,,139
6621,Chia Friends #6621,Mint,K32 (Steel),Green,1.0,Happy (Steel),,,,,,81
6643,Chia Friends #6643,Mint & Gradient,K32 (Steel),Yellow,3.0,Jagged (Steel),,,,Fireball (Green),,142
6717,Chia Friends #6717,Mint,Starling,Cyborg,,Beak (Long),Verdant,,,,,79
6725,Chia Friends #6725,Mint & Gradient,Parakeet (Yellow),Green,,Beak (Small),,,,Emerald,,139
6752,Chia Friends #6752,Mint,Marmot (Brown),Vipers,,Snout (Drool),Verdant,,,Halo,,79
6769,Chia Friends #6769,Mint & Gradient,Marmot (Red),Blue,,Snout (Eating),,,,,,139
6777,Chia Friends #6777,Mint,Marmot (Red),Enlightened,,Snout (Eating),,,,,,79
6782,Chia Friends #6782,Mint,Starling,Laser Visor,,Beak (Long),,,,,,79
6824,Chia Friends #6824,Mint & Gradient,K32 (Steel),Yellow,1.0,Smile (Steel),,,,,,141
6831,Chia Friends #6831,Mint,Parakeet (Yellow),Green,,Beak (Small),,,Heart,,,79
6843,Chia Friends #6843,Mint,Cactus (Green),Green,,Smile (Green),,Wide Eyes,,,,79
6847,Chia Friends #6847,Mint,Marmot (Green),Green,,Snout (Small),,,,,,79
6855,Chia Friends #6855,Mint & Shimmer,Marmot (Blue),Blue,,Snout (Sullen),,,,,,79
6881,Chia Friends #6881,Mint,Seal,Purple,,Snout (Sullen),,,,Fireball (Yellow),,79
6908,Chia Friends #6908,Mint,Marmot (Green),Cyborg,,Snout (Sullen),,,,Halo,,79
6961,Chia Friends #6961,Mint,Parakeet (Green),Green,,Beak (Small),,,,Fireball (Yellow),,79
6980,Chia Friends #6980,Mint & Sparkle,K32 (Steel),Blue,2.0,Smile (Steel),,,,Fireball (Blue),,81
7023,Chia Friends #7023,Mint,Marmot (Red),3D Glasses,,Snout (Sullen),,,Hamburger,,,79
7069,Chia Friends #7069,Mint,K32 (Steel),Green,2.0,Happy (Steel),,,,Emerald,,81
7101,Chia Friends #7101,Mint,Marmot (Red),Enlightened,,Snout (Sullen),,,,,,79
7105,Chia Friends #7105,Mint & Watercolor,Parakeet (Green),Cyborg,,Beak (Small),,,,,,103
7123,Chia Friends #7123,Mint,Marmot (Green),Green,,Snout (Eating),,Squint (Purple),,,,79
7132,Chia Friends #7132,Mint,Marmot (Gray),Vipers,,Snout (Hungry),Verdant,,,,,79
7158,Chia Friends #7158,Mint & Gradient,K32 (Steel),Closed,3.0,Sad (Steel),,,,,,142
7159,Chia Friends #7159,Mint & Sparkle,Marmot (Brown),Vipers,,Snout (Sullen),,,,,,79
7246,Chia Friends #7246,Mint & Watercolor,Parakeet (Yellow),Blue,,Beak (Small),,,,,,103
7251,Chia Friends #7251,Mint,Starling,Zombie,,Beak (Long),Verdant,,,,,79
7252,Chia Friends #7252,Mint,Parakeet (Green),Cyborg,,Beak (Small),,,,,,79
7280,Chia Friends #7280,Mint,Marmot (Green),Purple,,Snout (Sullen),,,,,,79
7313,Chia Friends #7313,Mint,Broccoli (Green),Laser Visor,,Carne (Green),,Wide Eyes,,,,79
7321,Chia Friends #7321,Mint & Gradient,Marmot (Red),Orange,,Snout (Eating),,Squint (Purple),Rainbow,,,139
7341,Chia Friends #7341,Mint & Watercolor,Marmot (Brown),Cyborg,,Snout (Drool),,Wide Eyes,,,,103
7350,Chia Friends #7350,Mint,K32 (Steel),Green,4.0,Jagged (Steel),,,,Ruby,,81
7381,Chia Friends #7381,Mint & Gradient,Parakeet (Green),Cyborg,,Beak (Small),,,,,,139
7440,Chia Friends #7440,Mint,Parakeet (Green),Orange,,Beak (Small),Mohawk (Green),,,,,79
7455,Chia Friends #7455,Mint,Parakeet (Green),Orange,,Beak (Small),,,,Emerald,,79
7513,Chia Friends #7513,Mint & Gradient,K32 (Steel),Green,2.0,Sad (Steel),,,,,,141
7558,Chia Friends #7558,Mint & Gradient,Marmot (Brown),Green,,Snout (Sullen),,Squint (Brown),,Fireball (Blue),,139
7583,Chia Friends #7583,Mint,Marmot (Green),Laser Visor,,Snout (Eating),,Wide Eyes,,,,79
7611,Chia Friends #7611,Mint,K32 (Steel),Blue,1.0,Intercom (Steel),,,,Emerald,,81
7627,Chia Friends #7627,Mint,Cactus (esaung),Orange,,Carne (Tan),,Angry (Green),,,,79
7640,Chia Friends #7640,Mint,Starling,Enlightened,,Beak (Long),,,,,,79
7675,Chia Friends #7675,Mint & Watercolor,Marmot (Red),Laser Visor,,Snout (Tooth),Flower (Red),,,,,103
7705,Chia Friends #7705,Mint,Marmot (Red),Cyborg,,Snout (Eating),,,,Snow,,79
7715,Chia Friends #7715,Mint & Gradient,Cactus (Green),Purple,,Ooo (Green),,,,Snow,,139
7725,Chia Friends #7725,Mint,Parakeet (Yellow),Blue,,Beak (Small),,,Flame,,,79
7730,Chia Friends #7730,Mint & Watercolor,Marmot (Brown),Blue,,Snout (Hungry),Bow (Purple),Squint (Brown),,,,103
7748,Chia Friends #7748,Mint,Broccoli (Purple),Cyborg,,Frown (Purple),,Wide Eyes,,,,79
7762,Chia Friends #7762,Mint & Sparkle,Broccoli (Green),Rainbow,,Happy (Green),,,,,,79
7842,Chia Friends #7842,Mint,Cactus (Red),Green,,Happy (Tan),,Squint (Purple),,Emerald,,79
7868,Chia Friends #7868,Mint,Broccoli (Green),Shades,,Ooo (Green),,Wide Eyes,,Yoyo (Gold),,79
7893,Chia Friends #7893,Mint & Glimmer,Marmot (Red),Rainbow,,Snout (Sullen),,Wide Eyes,,,,79
7902,Chia Friends #7902,Mint,Parakeet (Green),Blue,,Beak (Small),,,Key,,,79
7973,Chia Friends #7973,Mint & Watercolor,Parakeet (Yellow),Cyborg,,Beak (Small),,,,,,103
7996,Chia Friends #7996,Mint & Watercolor,Broccoli (Purple),Green,,Happy (Purple),,,,Sparkles,,103
8104,Chia Friends #8104,Mint,Marmot (Brown),Cyborg,,Snout (Hungry),,Wide Eyes,,Sparkles,,79
8108,Chia Friends #8108,Mint,Cauliflower,Orange,,Smile (Tan),,,,,,79
8153,Chia Friends #8153,Mint,Cactus (Purple),Laser Visor,,Happy (Tan),,,,,,79
8235,Chia Friends #8235,Mint,Cactus (Albino),Purple,,Frown (Tan),,,,,,79
8251,Chia Friends #8251,Mint,Marmot (Blue),Vipers,,Snout (Eating),,Wide Eyes,,,,79
8286,Chia Friends #8286,Mint,Starling,Cyborg,,Beak (Long),,,,Emerald,,79
8297,Chia Friends #8297,Mint & Watercolor,Marmot (Brown),Rainbow,,Snout (Sullen),,,,Emerald,,103
8365,Chia Friends #8365,Mint & Glimmer,Cactus (Purple),Blue,,Frown (Purple),,Squint (Purple),,,,79
8440,Chia Friends #8440,Mint,Parakeet (Yellow),Laser Visor,,Beak (Small),,,,,,79
8455,Chia Friends #8455,Mint,Marmot (Red),Blue,,Snout (Eating),,Squint (Brown),,,,79
8459,Chia Friends #8459,Mint & Gradient,Cactus (Purple),Orange,,Frown (Purple),,Wide Eyes,,Emerald,,139
8476,Chia Friends #8476,Mint & Gradient,Parakeet (Yellow),Laser Visor,,Beak (Small),,,,,,139
8510,Chia Friends #8510,Mint & Gradient,Cactus (Green),Green,,Ooo (Green),,Angry (Green),,,,139
8556,Chia Friends #8556,Mint,K32 (Steel),Green,1.0,Intercom (Steel),,,,,,81
8627,Chia Friends #8627,Mint,Parakeet (Yellow),Shades,,Beak (Small),,,,Fireball (Blue),,79
8630,Chia Friends #8630,Mint,Marmot (Brown),Green,,Snout (Hungry),,Squint (Brown),,Fireball (Yellow),,79
8733,Chia Friends #8733,Mint & Sparkle,Cucumber,Blue,,Ooo (Green),,,Eye,,,79
8742,Chia Friends #8742,Mint & Gradient,K32 (Steel),Red,2.0,Jagged (Steel),,,,,,141
8809,Chia Friends #8809,Mint & Gradient,K32 (Steel),Yellow,1.0,Intercom (Steel),,,,,,141
8814,Chia Friends #8814,Mint,Parakeet (Yellow),Shades,,Beak (Small),,,,,,79
8822,Chia Friends #8822,Mint & Watercolor,Marmot (Brown),Cyborg,,Snout (Hungry),,Wide Eyes,Crown,,,103
8894,Chia Friends #8894,Mint & Watercolor,Marmot (Red),Cyborg,,Snout (Drool),,,,Yoyo,,103
8919,Chia Friends #8919,Mint,Marmot (Brown),Cyborg,,Snout (Tooth),,,,,,79
8927,Chia Friends #8927,Mint,Marmot (Brown),Rainbow,,Snout (Eating),Verdant,,,,,79
8932,Chia Friends #8932,Mint,Starling,Shades,,Beak (Long),,,Hamburger,,,79
9017,Chia Friends #9017,Mint,Marmot (Blue),Enlightened,,Snout (Sullen),,Wide Eyes,,Fireball (Yellow),,79
9043,Chia Friends #9043,Mint,Marmot (Red),Orange,,Snout (Drool),,Wide Eyes,,,,79
9067,Chia Friends #9067,Mint & Sparkle,Cactus (esaung),Enlightened,,Smile (Purple),,Wide Eyes,,,,79
9090,Chia Friends #9090,Mint,Marmot (Brown),Blue,,Snout (Tooth),,Wide Eyes,Butterfly,,,79
9120,Chia Friends #9120,Mint,Parakeet (Green),Zombie,,Beak (Small),,,,,,79
9213,Chia Friends #9213,Mint & Gradient,Seal,Shades,,Snout (Small),,,,,,139
9239,Chia Friends #9239,Mint,Marmot (Blue),Blue,,Snout (Eating),,,,,,79
9240,Chia Friends #9240,Mint & Gradient,K32 (Steel),Closed,4.0,Happy (Steel),,,,,,141
9261,Chia Friends #9261,Mint,Seal,Shades,,Snout (Sullen),,Wide Eyes,,,,79
9286,Chia Friends #9286,Mint,Parakeet (Green),Cyborg,,Beak (Small),Verdant,,,,,79
9316,Chia Friends #9316,Mint,Marmot (Brown),Purple,,Snout (Tooth),,,,,,79
9318,Chia Friends #9318,Mint,Cactus (Purple),Green,,Frown (Purple),,Squint (Purple),,,,79
9321,Chia Friends #9321,Mint & Gradient,Cactus (Green),Orange,,Happy (Green),,Angry (Green),,,,139
9335,Chia Friends #9335,Mint & Gradient,Cactus (Green),Blue,,Carne (Green),,,,,,139
9351,Chia Friends #9351,Mint,Starling,Purple,,Beak (Long),,,,,,79
9353,Chia Friends #9353,Mint,Starling,Cyborg,,Beak (Long),Flower (Yellow),,,,,79
9354,Chia Friends #9354,Mint & Gradient,Broccoli (Green),Blue,,Frown (Green),,Squint (Green),,,,139
9377,Chia Friends #9377,Mint,Starling,Zombie,,Beak (Long),,,,Emerald,,79
9490,Chia Friends #9490,Mint,Cauliflower,Shades,,Smile (Tan),,Wide Eyes,,,,79
9527,Chia Friends #9527,Mint,Parakeet (Green),Zombie,,Beak (Small),Bubblegum,,,,,79
9577,Chia Friends #9577,Mint,Cucumber,Vipers,,Ooo (Green),,,,Yoyo,,79
9672,Chia Friends #9672,Mint,Starling,Cyborg,,Beak (Long),,,,Sparkles,,79
9777,Chia Friends #9777,Mint & Gradient,K32 (Steel),Closed,2.0,Sad (Steel),,,Smile,,,141
9789,Chia Friends #9789,Mint & Gradient,Cactus (Green),Purple,,Frown (Green),,Wide Eyes,Lightning,,,139
9793,Chia Friends #9793,Mint & Gradient,Marmot (Brown),Rainbow,,Snout (Small),,,,,,139
9816,Chia Friends #9816,Mint,Parakeet (Yellow),Purple,,Beak (Small),,,,,,79
9862,Chia Friends #9862,Mint & Watercolor,Cactus (Green),Green,,Frown (Green),Flower (Red),Squint (Green),,,,103
9906,Chia Friends #9906,Mint,Cactus (Ded),Zombie,,Yum,,,,,,79
9917,Chia Friends #9917,Mint,K32 (Steel),Green,4.0,Sad (Steel),,,,Fireball (Yellow),,81
9918,Chia Friends #9918,Mint,Parakeet (Yellow),Cyborg,,Beak (Small),,,Smile,,,79
